{
  "feature_mean": [
    114.4036636352539,
    11758118895616.0,
    968333.75,
    829197.5625,
    16.059070587158203,
    6.732922554016113,
    2714.0087890625
  ],
  "feature_std": [
    14.252737998962402,
    107795676397568.0,
    175507.15625,
    494616.09375,
    15.834895133972168,
    10.371668815612793,
    999.8533935546875
  ],
  "power_mean": 65.53094482421875,
  "power_std": 15.45143985748291
}